抑郁词,抑郁倾向（0非抑郁；1抑郁）
抑郁,1
崩溃,1
压力,1
自杀,1
绝食,1
焦躁,1
伤心,1
疲惫,1
死亡,1
孤独,1
失眠,1
难受,1
绝望,1
放弃,1
卑微,1
离开,1
恐惧,1
危险,1
封闭,1
敏感,1
茫然,1
阴影,1
摧毁,1
怀疑,1
崩塌,1
黑暗,1
无助,1
愧疚,1
负面,1
沮丧,1
紧张,1
忧郁,1
废物,1
跳楼,1
遗忘,1
再见,1
割腕,1
边缘,1
阴霾,1
抗抑郁药,1
不稳定的,1
稳定情绪,1
不稳,1
企稳,1
不冷不热,1
不高兴地,1
兴奋,1
缺乏自信,1
自负,1
过于自信,1
自卑,1
怯懦,1
消极,1
少健康,1
不齿,1
真令,1
虔敬,1
羞愧,1
深表,1
痛惜,1
歉疚,1
太完美,1
孤残,1
腰腿,1
肾气,1
肝肾,1
肾阳,1
柔韧性,1
补肾,1
虚弱,1
渐强,1
更弱,1
善感,1
聪敏,1
伪善,1
慈悲心,1
悲悯,1
太认真,1
不能同意,1
劣势,1
短板,1
不划算,1
不合算,1
畸形发展,1
苍绿,1
清楚,1
活明白,1
弄懂,1
搞清楚,1
明白事理,1
搞懂,1
弄清楚,1
知道,1
明明白白,1
搞不懂,1
抑郁症,1
忧郁症,1
产后抑郁症,1
狂躁症,1
躁郁症,1
愁闷,1
疲乏,1
抗抑郁,1
胸闷,1
烦躁,1
易怒,1
积郁,1
烦躁不安,1
闷闷不乐,1
苦闷,1
困乏,1
郁结,1
情绪低落,1
压抑感,1
心情阴郁,1
神经衰弱,1
烦闷,1
烦燥,1
毒瘾,1
痴呆,1
狂躁,1
痉挛,1
体弱,1
忘事,1
消沉,1
消极情绪,1
气闷,1
心理疾病,1
心绞痛,1
生闷气,1
低血压,1
犯病,1
甲亢,1
阴郁,1
焦虑,1
嗜睡,1
愤懑,1
难抑,1
痴呆症,1
高血糖,1
郁闷,1
焦虑症,1
疲劳感,1
自闭,1
胃胀,1
妇科炎症,1
离群,1
精神紧张,1
悲恸,1
神经性,1
痢疾,1
不治之症,1
压抑,1
困倦,1
心绪不宁,1
易患,1
胸痛,1
瘙痒,1
久治不愈,1
肺病,1
全线崩溃,1
崩盘,1
血崩,1
崩掉,1
抓狂,1
发困,1
胃痉挛,1
溃,1
虚脱,1
谈崩,1
崩坏,1
溃败,1
抽搐,1
心理压力,1
山大,1
鸭梨,1
压力感,1
外界压力,1
舆论压力,1
精神压力,1
抗压性,1
重压,1
施加压力,1
挫折感,1
阻力,1
自杀者,1
跳楼自杀,1
自缢,1
上吊自杀,1
跳河自杀,1
自杀身亡,1
服毒自杀,1
杀妻,1
自缢身亡,1
自杀行为,1
堕胎,1
跳井自杀,1
格杀,1
跳桥,1
自残,1
他杀,1
误杀,1
自杀式,1
自焚,1
毙命,1
杀人罪,1
过失杀人,1
自尽,1
剿杀,1
挥刀自宫,1
慢性,1
情杀,1
枪杀,1
投江,1
独食,1
断食,1
绝不食言,1
拒食,1
亡党,1
暴毙,1
暴食,1
断粮,1
暴死,1
拒吃,1
食不果腹,1
拒捕,1
逆反,1
打胎,1
拒买,1
炸死,1
绝症,1
投食,1
流食,1
饥民,1
禁食,1
食言,1
绝灭,1
罢课,1
禁绝,1
吸食毒品,1
装死,1
自绝,1
毒打,1
死罪,1
产假,1
暴饮暴食,1
鸟为食亡,1
饿虎扑食,1
处死刑,1
斩尽杀绝,1
灭绝人性,1
饱食,1
虎毒不食子,1
行刑,1
断然拒绝,1
袭警,1
厌食症,1
绝后,1
弹尽粮绝,1
寻死,1
杀光,1
灭绝,1
饿肚子,1
绝种,1
滔天罪行,1
暴食暴饮,1
打苍蝇,1
不吃不喝,1
挨揍,1
死胎,1
反贼,1
蠢才,1
夺食,1
断子绝孙,1
遭骂,1
误食,1
绝倒,1
猎食,1
就此打住,1
捕食者,1
因噎废食,1
悲痛欲绝,1
剖腹,1
残杀,1
挨饿,1
昏死,1
穷死,1
足月,1
怄,1
斋戒,1
自食恶果,1
嗜食,1
缝针,1
渴死,1
焦燥,1
焦虑不安,1
焦灼,1
烦乱,1
急躁,1
焦心,1
焦虑感,1
躁动不安,1
浮燥,1
惶恐不安,1
心焦,1
性情急躁,1
窘态,1
易激动,1
萎靡不振,1
心浮气躁,1
忧烦,1
狂燥,1
心悸,1
疲惫感,1
心烦,1
厌弃,1
躁动,1
惊惶,1
灼痛,1
发慌,1
憋闷,1
发晕,1
胀痛,1
懊恼,1
戒心,1
毛躁,1
奇痒,1
心烦意乱,1
感到痛苦,1
心慌慌,1
恶念,1
不安,1
晕眩,1
暴躁,1
倦怠,1
生厌,1
凄惶,1
困顿,1
惶惑,1
食欲不振,1
疲累,1
气恼,1
思虑,1
逃开,1
自怨自艾,1
困窘,1
痛起来,1
疲倦,1
聒,1
陷于,1
腻烦,1
忙乱,1
精神不振,1
动怒,1
空虚感,1
愁苦,1
脑胀,1
疼痛感,1
慌乱,1
精神萎靡,1
绞痛,1
太甚,1
灼烧,1
无精打采,1
无措,1
头昏脑涨,1
气短,1
伤心落泪,1
伤心地,1
心痛,1
难过,1
伤怀,1
伤心欲绝,1
悲伤,1
伤心事,1
心伤,1
疲惫不堪,1
惫,1
劳顿,1
身心俱疲,1
劳累,1
倦意,1
精疲力尽,1
身体疲劳,1
疲劳,1
感到疲倦,1
繁重,1
苦累,1
有点累,1
酸痛,1
旅途劳顿,1
身心,1
疲于,1
昏昏沉沉,1
杂务,1
疲态,1
倦容,1
紧绷,1
精疲力竭,1
忙碌,1
浑身酸痛,1
烦扰,1
卸下,1
稍感,1
痛苦不堪,1
放松,1
心力交瘁,1
死亡者,1
脑死亡,1
死亡事故,1
致死,1
死亡线,1
丧生,1
死亡谷,1
死亡威胁,1
伤亡人数,1
死亡证,1
濒死,1
死伤者,1
死因,1
致伤,1
死亡之海,1
丧命,1
伤亡,1
重伤者,1
死亡率,1
死伤,1
一死一伤,1
不幸身亡,1
死难,1
失踪者,1
坠亡,1
伤亡事故,1
抢救无效,1
遇难,1
重伤,1
死难者,1
获救,1
砍杀,1
死去,1
死讯,1
猝,1
矿难,1
死者,1
受伤,1
死刑犯,1
临死时,1
生死未卜,1
孤单,1
寂寞,1
孤独寂寞,1
孤独感,1
孤寂,1
孤孤单单,1
孤单单,1
太孤单,1
孤傲,1
孤苦,1
失眠者,1
难眠,1
深睡眠,1
睡不着,1
彻夜难眠,1
胃痛,1
失眠症,1
胃疼,1
易醒,1
辗转难眠,1
睡眠中,1
头昏,1
欲裂,1
夜尿,1
头痛,1
睡眠不足,1
肠胃炎,1
做噩梦,1
打鼾,1
落枕,1
喉咙痛,1
偏头疼,1
彻夜不眠,1
腹痛,1
嗜睡症,1
晚睡,1
痰多,1
想睡,1
昏睡,1
鼻塞,1
嗓子疼,1
夜惊,1
早醒,1
耳鸣,1
睡不到,1
心慌,1
无眠,1
昏昏噩噩,1
失音,1
很困,1
恶梦,1
低血糖,1
失忆症,1
牙痛,1
低烧,1
早睡,1
孤枕难眠,1
睡好,1
腹胀,1
咽喉炎,1
拖延症,1
太难受,1
不好受,1
好难过,1
难忍,1
好痛,1
酸疼,1
干呕,1
痛死,1
生疼,1
难捱,1
腿痛,1
难以忍受,1
发闷,1
好受,1
咳得,1
难熬,1
发冷,1
快撑,1
心痒,1
牙疼,1
上吐下泻,1
好困,1
晕晕的,1
咽喉痛,1
翻江倒海,1
憋屈,1
累极,1
难挨,1
肚子疼,1
发毛,1
肚子痛,1
真受,1
呼吸困难,1
肚疼,1
脑涨,1
想吐,1
熬不住,1
窝火,1
怕累,1
疼,1
背疼,1
作呕,1
揪心,1
虚汗,1
热伤风,1
挨饿受冻,1
腿酸,1
流涕,1
颈椎痛,1
受冻,1
烦得,1
头疼,1
腰酸腿痛,1
受折磨,1
受苦受难,1
闹肚子,1
饿得,1
疼疼,1
腰酸背疼,1
反胃,1
头疼脑热,1
脚痛,1
受凉,1
难喝,1
腿疼,1
空落落,1
腰疼,1
痛不痛,1
牙痒痒,1
活受罪,1
受死,1
痛不欲生,1
绝境,1
陷入绝境,1
悲观失望,1
欲绝,1
毫无希望,1
失望,1
企望,1
悲戚,1
感到恐惧,1
渴盼,1
痛彻,1
绝不放弃,1
别放弃,1
舍弃,1
放手,1
放手去做,1
放手一搏,1
抛弃,1
离弃,1
弃奖,1
背弃,1
自暴自弃,1
低微,1
卑贱,1
孱弱,1
畏缩,1
低贱,1
弱小,1
高傲,1
脆弱不堪,1
微末,1
无私无畏,1
谨小慎微,1
自贱,1
懦弱,1
私欲,1
平平凡凡,1
渺小,1
愚笨,1
微闭,1
苟活,1
软弱,1
微笑起来,1
轻贱,1
生畏,1
浅薄,1
凄苦,1
寂灭,1
倨傲,1
怨怼,1
不自重,1
漠然,1
作践,1
得宠,1
屈就,1
吝于,1
柔弱,1
自私,1
自怨,1
羸弱,1
自甘,1
软弱可欺,1
恃强凌弱,1
绵薄,1
殉葬品,1
卑劣,1
屈从,1
悲叹,1
悲苦,1
离开了,1
飞离,1
搬离,1
恐惧感,1
恐惧心理,1
畏惧,1
忧惧,1
不安全感,1
惶恐,1
惧怕,1
憎恶,1
胆怯,1
负疚,1
恐怖症,1
恐慌,1
芥蒂,1
惊惧,1
猜忌,1
苦毒,1
惶惶不安,1
令人恐怖,1
压抑着,1
忧虑,1
贪念,1
害怕,1
惶惶,1
敌意,1
憎恨,1
胆寒,1
厌恶感,1
怀恨,1
诘问,1
隔膜,1
欺瞒,1
自卑感,1
心魔,1
欲念,1
恐慌性,1
失落感,1
心理障碍,1
无力感,1
隐痛,1
负累,1
懊悔,1
戒慎,1
紧张不安,1
内疚感,1
厌恶,1
蒙昧,1
紧迫感,1
耽于,1
危险性,1
冒着危险,1
危险物,1
凶险,1
高危,1
隐患,1
高风险,1
全封闭,1
封闭性,1
封闭式,1
半封闭,1
封堵,1
敏感性,1
敏感度,1
敏感点,1
敏感时期,1
敏感话题,1
敏感期,1
敏感部位,1
重感情,1
冷感,1
敏锐,1
依赖感,1
过强,1
茫茫然,1
茫然无措,1
一脸茫然,1
茫然不知,1
迷茫,1
木然,1
怅惘,1
犹疑,1
迟疑,1
失措,1
浑然不觉,1
蓦地,1
前途渺茫,1
空茫,1
怅然若失,1
悚然,1
错愕,1
不知所措,1
黯然无光,1
惘然,1
迷迷茫茫,1
怯怯,1
哑然,1
怦然,1
恍悟,1
来时路,1
乍然,1
倏然,1
愕然,1
踟蹰,1
嗟叹,1
四顾,1
迷惑不解,1
踌躇,1
惊慌失措,1
砰然,1
诧异,1
怅然,1
疑心,1
幡然醒悟,1
黯然,1
困惑,1
依然故我,1
痴痴,1
慌张,1
令人困惑,1
妄念,1
苦笑,1
嗔怪,1
怦怦,1
扯碎,1
迷惘,1
哗然,1
羞怯,1
毫不迟疑,1
痴痴地,1
自怜,1
哑然失笑,1
枉自,1
目光呆滞,1
喃喃地,1
黯淡无光,1
凄然,1
追悔,1
浑然不知,1
忧心忡忡,1
幽怨,1
忽然间,1
微茫,1
惊恐,1
失神,1
讶异,1
心事重重,1
思忖,1
霍然,1
愁思,1
幡然悔悟,1
童年阴影,1
沉迷在,1
摧垮,1
毁坏,1
摧折,1
毁损,1
毁灭,1
击溃,1
击毁,1
拆毁,1
瓦解,1
毁掉,1
泯灭,1
毒化,1
焚毁,1
炸毁,1
毁灭性,1
吞噬,1
削弱,1
覆灭,1
扼杀,1
坚不可摧,1
被毁,1
击垮,1
拖垮,1
烧毁,1
奴役,1
毁于,1
催残,1
摧残,1
湮没,1
毁于一旦,1
磨灭,1
损毁,1
打垮,1
打掉,1
垮掉,1
夺去,1
击碎,1
崩解,1
反噬,1
灭迹,1
捣毁,1
核打击,1
吞并,1
蚕食,1
强加于,1
殃及,1
深信不疑,1
怀疑者,1
塌陷,1
坍塌,1
倒塌,1
轰然,1
山崩,1
垮塌,1
天崩地裂,1
剥蚀,1
分崩离析,1
下陷,1
陷落,1
冲垮,1
崩裂,1
雪崩,1
山崩地裂,1
冲毁,1
断裂,1
坍,1
地陷,1
山体,1
倒毁,1
土崩瓦解,1
压塌,1
塌了,1
陷坑,1
内涝,1
飞石,1
那一步,1
淤积,1
滑向,1
险象,1
枯死,1
陡立,1
炸碎,1
吞没,1
矛盾重重,1
跌碎,1
坑洼,1
凝滞,1
封冻,1
跌下,1
陡峻,1
跌荡,1
边缘化,1
铲掉,1
坑内,1
骤变,1
残肢,1
倾覆,1
灾难性,1
解体,1
矛盾激化,1
震掉,1
水毁,1
溃烂,1
失守,1
碎裂,1
地狱般,1
跌入,1
陷进,1
松脱,1
全毁,1
变弱,1
松动,1
擦枪,1
决堤,1
断陷,1
内部矛盾,1
堕入,1
惨重,1
龟裂,1
黑暗面,1
黑暗世界,1
黎明前,1
黑夜,1
暗黑,1
漆黑,1
灰暗,1
阴暗面,1
阴暗处,1
孤立无援,1
无依无靠,1
无痛苦,1
无畏地,1
束手无策,1
无力,1
痛哭,1
穷困,1
软弱无力,1
苍白无力,1
苦楚,1
病弱,1
愤恨,1
无辜者,1
无援,1
好孤单,1
失声痛哭,1
无助于,1
孤苦无依,1
无法挽救,1
忿忿,1
嘶喊,1
愧疚感,1
内疚,1
悔意,1
自责,1
愧悔,1
心怀不满,1
有愧,1
宽慰,1
甚感,1
受之有愧,1
邪念,1
歉意,1
挂怀,1
心存侥幸,1
羞耻心,1
自愧,1
感到痛心,1
羞愧难当,1
愤慨,1
羞耻,1
于心无愧,1
激愤,1
怜悯之心,1
怨言,1
羞惭,1
溢于言表,1
罪恶感,1
忍下,1
恨意,1
颇感,1
疚,1
感概,1
恻隐,1
酸楚,1
自惭,1
表示同情,1
劝慰,1
感到遗憾,1
恻隐之心,1
冤屈,1
怜惜,1
慷,1
扼腕,1
心寒,1
惴惴,1
亡故,1
忐忑不安,1
惴惴不安,1
醋意,1
惋惜,1
负罪感,1
心怀叵测,1
不无,1
抱憾,1
表示遗憾,1
羞耻感,1
私念,1
负面效应,1
负面新闻,1
负面影响,1
负能量,1
正面,1
全面性,1
情绪反应,1
负作用,1
情绪,1
泛化,1
多层面,1
促发,1
中伤,1
表面化,1
臆测,1
丧气,1
低落,1
挫败,1
失态,1
难堪,1
灰心丧气,1
烦心,1
颓唐,1
哀叹,1
心情坏,1
自悲,1
失落,1
不顺心,1
更坏,1
恼怒,1
忧心,1
沮,1
更累,1
心灰意冷,1
令你有,1
头晕目眩,1
患得患失,1
神伤,1
懊悔不已,1
败事,1
失色,1
劳心,1
哀痛,1
费神,1
心累,1
太紧张,1
紧张感,1
紧张度,1
团结紧张,1
紧张状态,1
紧张性,1
资金紧张,1
紧绷着,1
别紧张,1
紧锣密鼓,1
紧迫,1
忧伤,1
沉郁,1
颓废,1
废弃物,1
废渣,1
毒物,1
排掉,1
污物,1
排走,1
粪便,1
积存,1
体外,1
代谢物,1
废物利用,1
肝脏毒素,1
排出去,1
尿酸,1
肠壁,1
体液,1
致癌物质,1
废水,1
废料,1
食物残渣,1
硫化物,1
钠盐,1
氧化物,1
可溶解,1
分泌物,1
废气,1
残留物,1
蛋白酶,1
生物碱,1
排泄物,1
化学物,1
排泄,1
尿液,1
腺体,1
脂肪沉积,1
污垢,1
类物质,1
降解,1
脏物,1
鞣质,1
生物体,1
残渣,1
赖氨酸,1
乳酸,1
搞坏,1
排尿,1
体内,1
氰化钾,1
病原,1
人体内,1
硼酸,1
含氮,1
窝囊废,1
肾小管,1
肠内,1
草酸钙,1
分解酶,1
堆积物,1
脂肪堆积,1
氰化物,1
欲跳楼,1
坠楼,1
跳窗,1
跳河,1
卧轨,1
跳海,1
摔下,1
轻生,1
跳车,1
往下跳,1
跳下,1
摔死,1
买楼,1
摔下去,1
砍死,1
撞死人,1
跳井,1
摔下来,1
跳表,1
坠下,1
撕票,1
跳下来,1
砍伤,1
身亡,1
工伤,1
泼粪,1
撞人,1
救人者,1
出车祸,1
欠薪,1
劫杀,1
楼上楼,1
下井,1
判死,1
出人命,1
命丧,1
砍头,1
跳蛋,1
医疗事故,1
跳下去,1
绞死,1
掉下去,1
逃婚,1
淡忘,1
忘怀,1
忘记它,1
忘却,1
难忘记,1
遗失在,1
遗弃,1
再会,1
再见面,1
相见,1
拜拜,1
割伤,1
割破,1
锯掉,1
刀伤,1
抓伤,1
枪伤,1
砸伤,1
割到,1
割喉,1
抽刀,1
拉伤,1
咬断,1
戳伤,1
擦伤,1
掴,1
扎伤,1
挥刀,1
砍断,1
刀割,1
一跤,1
摔断,1
撞伤,1
溺毙,1
后脑,1
脚腕,1
手腕儿,1
左膝,1
划伤,1
刺入,1
验伤,1
咬舌,1
割掉,1
车裂,1
咬伤,1
摔断了,1
掰手腕,1
溺死,1
重摔,1
断手断脚,1
瘫倒,1
反咬,1
脱臼,1
分尸,1
敲死,1
砸门,1
拔枪,1
流脓,1
锯开,1
击伤,1
刺死,1
拿刀,1
扭伤,1
杀心,1
碰伤,1
伤处,1
被打者,1
蜇伤,1
狗咬伤,1
喉管,1
受伤者,1
冻伤,1
大砍刀,1
咬掉,1
绞刑,1
铐,1
前臂,1
毒杀,1
碾轧,1
被咬,1
断腿,1
打肿,1
砍手,1
弄伤,1
毒镖,1
刺刀,1
疱,1
溺水者,1
拔刀,1
腰伤,1
手淫,1
掏枪,1
掰断,1
城市边缘,1
锯齿状,1
边沿,1
阴云,1
阴沉沉,1
阴冷,1
灰霾,1
阴沉,1
阴阴的,1
雾霭,1
阴云密布,1
污浊,1
雾霾,1
阴雨,1
雾和霾,1
闷热,1
消散,1
阴雨连绵,1
毒雾,1
坏天气,1
干冷,1
阴翳,1
阴阴,1
霾,1
扫去,1
袭城,1
夜雾,1
阴雨天,1
乌云密布,1
凄冷,1
吹散,1
冬晨,1
灰蒙蒙,1
轻雾,1
颠狂,1
放晴,1
霾天,1
浓雾,1
未散,1
不见天日,1
重见,1
凄风冷雨,1
起风,1
扬沙,1
雨雾,1
驱散,1
暴风骤雨,1
尘雾,1
散去,1
雾色,1
交加,1
雾气,1
湿冷,1
雾散,1
灰蒙,1
阴天,1
下雾,1
肃杀,1
阴风,1
阴湿,1
大雾,1
多雾,1
阴森森,1
晴暖,1
冬雨,1
一阵雨,1
浮尘,1
时阴,1
燥热,1
刮大风,1
潮湿,1
风雨交加,1
寒风凛冽,1
抗抑郁剂,1
利尿剂,1
SSRI,1
磺胺类,1
喹诺酮,1
口服药物,1
抗疟药,1
非甾体,1
抗药,1
抗焦虑,1
抗过敏,1
降糖药,1
抗病毒,1
抑制剂,1
类药物,1
低剂量,1
舍曲,1
药物过敏,1
抗菌药,1
噻嗪,1
氯霉素,1
抗雄,1
止痛剂,1
抗癌药,1
耐药,1
阿片类,1
酶抑制剂,1
组胺,1
免疫抑制,1
药物性,1
SNRI,1
抗凝剂,1
镇痛药,1
投药,1
环磷酰胺,1
抗凝,1
耐药性,1
奥氮平,1
肝素,1
布洛芬,1
氯氮平,1
抗组织胺,1
氮芥,1
磺脲类,1
TCA,1
止吐,1
短效,1
酮类,1
抗酸药,1
对症,1
阿昔洛韦,1
激动剂,1
曲马多,1
拮抗剂,1
抗癌药物,1
抗菌剂,1
降糖,1
糖皮质激素,1
阿托品,1
氯丙嗪,1
胍,1
抑菌,1
过敏者,1
抗真菌,1
ACEI,1
剂型,1
抗凝血,1
大环内酯,1
异丙酚,1
他汀,1
氨苄,1
抑制物,1
甲硝唑,1
止痛药,1
抗药性,1
利尿药,1
类抗生素,1
雷帕,1
SSRIs,1
抗结核,1
麻醉剂,1
药物制剂,1
口服,1
吡喹,1
制剂,1
药物,1
止吐药,1
催眠药,1
抗菌素,1
镇痛剂,1
成瘾性,1
抗疟,1
抗血栓,1
安慰剂,1
抗生素,1
止咳药,1
停药,1
小剂量,1
口服药,1
抑制效应,1
抗癫痫,1
强效,1
降血糖,1
药理作用,1
镇静剂,1
阻断剂,1
胆碱,1
利培酮,1
酮症,1
类固醇,1
口服避孕药,1
辛伐他汀,1
化疗药,1
甾类,1
肌肽,1
NSAIDs,1
曲坦,1
阻滞剂,1
脱敏,1
抗感染,1
氯喹,1
镇定剂,1
氯胺酮,1
耐受性,1
抗氧化剂,1
酯酶,1
苯丁酸,1
避孕药,1
抗冻,1
长效,1
链霉素,1
MAOIs,1
利鲁,1
化学疗法,1
镇痛,1
NSAID,1
阿司匹林,1
格瑞洛,1
制酸剂,1
稳定,0
舒服,0
高兴,0
幸福,0
顺利,0
自信,0
阳光,0
奋斗,0
积极,0
勇敢,0
享受,0
平安,0
热情,0
健康,0
满意,0
活力,0
成长,0
骄傲,0
优秀,0
敬佩,0
完美,0
称赞,0
强大,0
珍贵,0
进步,0
庆贺,0
关爱,0
欢迎,0
强壮,0
善良,0
认真,0
同意,0
支持,0
奖励,0
优势,0
划算,0
发展,0
温暖,0
鲜艳,0
明白,0
比较稳定,0
稳定度,0
保持稳定,0
趋于稳定,0
稳定器,0
稳定下来,0
稳定增长,0
稳定剂,0
稳定性,0
社会安定,0
平稳,0
固定化,0
稳固,0
安定,0
稳妥,0
情绪稳定,0
稳步发展,0
安定团结,0
政局,0
挺舒服,0
舒舒服服,0
舒坦,0
最舒服,0
凉快,0
舒爽,0
舒适,0
暖和,0
舒心,0
特爽,0
素服,0
睡睡觉,0
舒畅,0
窝心,0
挺爽,0
舒朗,0
真爽,0
暖呼呼,0
晕乎乎,0
惬意,0
痛快,0
舒泰,0
合脚,0
高兴地,0
更高兴,0
非常高兴,0
高兴得,0
高兴时,0
高兴吧,0
太高兴,0
十分高兴,0
感到高兴,0
令人高兴,0
开心,0
幸福感,0
幸福家,0
最幸福,0
一切顺利,0
顺顺利利,0
顺利完成,0
顺利进行,0
顺利开展,0
比较顺利,0
顺意,0
自信心,0
自信力,0
自强自立,0
信心,0
自立自强,0
信仰自由,0
自爱,0
自立,0
独立自主,0
意志坚强,0
自恋,0
不服输,0
自励,0
坚定信念,0
自尊,0
自强,0
阳光让,0
阳光灿烂,0
和煦,0
阳光吧,0
阳光却,0
阳光雨露,0
阳光好,0
阳光会,0
初晨,0
斜射,0
阳光将,0
阳光普照,0
阳光浴,0
洒下来,0
金色阳光,0
日光,0
照进来,0
太阳雨,0
太阳,0
太阳光,0
努力奋斗,0
共同奋斗,0
艰苦奋斗,0
奋斗者,0
拼搏,0
奋斗终生,0
奋战,0
奋争,0
奋发,0
奋斗史,0
打拼,0
战斗,0
积极行动,0
积极主动,0
积极关注,0
积极态度,0
积极情绪,0
积极思考,0
积极进取,0
积极向上,0
乐观,0
积极争取,0
积极参与,0
积极因素,0
积极探索,0
积极意义,0
积极支持,0
积极开展,0
积极响应,0
积极性,0
积极分子,0
勇敢无畏,0
勇于,0
勇敢的人,0
敢做敢为,0
坚强,0
果敢,0
敢爱敢恨,0
敢爱,0
敢做敢当,0
勇气,0
勤劳勇敢,0
勇敢者,0
机智勇敢,0
倔强,0
得到享受,0
享,0
艺术享受,0
享受型,0
享用,0
畅享,0
感受,0
安享,0
可享,0
视觉享受,0
物质享受,0
视听享受,0
祝平安,0
平平安安,0
平安吉祥,0
望平安,0
竹报平安,0
安康,0
平安无事,0
年平安,0
平安无恙,0
平安符,0
平安地,0
一路平安,0
报平安,0
国泰民安,0
康安,0
顺安,0
合家幸福,0
保平安,0
吉顺,0
祝家人,0
祝健康,0
顺遂,0
阖家幸福,0
秋安,0
喜乐,0
祝您健康,0
热诚,0
似火,0
热心,0
热情高涨,0
充满热情,0
热情洋溢,0
热情服务,0
热情好客,0
热情奔放,0
满腔热情,0
热忱,0
热情接待,0
热情欢迎,0
热情周到,0
热情帮助,0
热烈,0
爱国热情,0
盛情,0
热情关注,0
才健康,0
健康网,0
身心健康,0
健康长寿,0
健康操,0
健健康康,0
健康美,0
有益健康,0
真健康,0
身体健康,0
健康歌,0
整体健康,0
益健康,0
健康检查,0
保健康,0
心理健康,0
满意哦,0
令人满意,0
比较满意,0
称心满意,0
满不满意,0
服务满意,0
表示满意,0
心满意足,0
满意率,0
十分满意,0
活力充沛,0
充满活力,0
青春活力,0
朝气,0
大冲,0
四射,0
茁壮成长,0
成长期,0
成长型,0
个人成长,0
健康成长,0
年成长,0
成长史,0
自豪,0
骄傲自满,0
骄傲地,0
优秀者,0
优秀青年,0
优秀品质,0
优秀奖,0
优秀人才,0
优秀学生,0
优秀教师,0
优秀企业,0
优秀党员,0
优秀作品,0
优秀员工,0
钦佩,0
令人钦佩,0
敬重,0
感佩,0
敬仰,0
令人尊敬,0
佩服,0
敬服,0
崇敬,0
尊敬,0
敬慕,0
令人敬畏,0
值得尊敬,0
敬意,0
景仰,0
令人感动,0
敬业精神,0
可敬可佩,0
值得尊重,0
肃然起敬,0
深深感动,0
叹服,0
致敬,0
值得羡慕,0
敬礼,0
敬畏,0
信服,0
可佩,0
互敬,0
可敬,0
爱岗敬业,0
受尊敬,0
起敬,0
敬业,0
此致,0
感念,0
令人欣慰,0
教益,0
汗颜,0
谬赞,0
赞叹,0
由衷,0
值得称赞,0
垂爱,0
完满,0
完美无瑕,0
完美无缺,0
完美版,0
啧啧称赞,0
称道,0
赞誉,0
赞扬,0
交口称赞,0
赞赏,0
夸赞,0
啧啧称奇,0
赞道,0
赞叹不已,0
称颂,0
盛赞,0
大加,0
力量强大,0
太强大,0
强悍,0
好强,0
功能强大,0
宝贵,0
贵重,0
弥足珍贵,0
可贵,0
珍藏,0
珍稀,0
稀有,0
珍藏品,0
珍贵文物,0
不断进步,0
科技进步,0
退步,0
长足,0
追求进步,0
进步奖,0
长进,0
共同进步,0
不断前进,0
前进,0
进化,0
庆祝,0
共贺,0
庆祝会,0
共庆,0
贺庆,0
祝贺啦,0
华诞,0
社庆,0
欢庆,0
狂欢庆祝,0
祝酒,0
庆祝国庆,0
祝贺金,0
恭贺,0
庆生,0
庆典活动,0
庆功宴,0
同贺,0
庆生日,0
共祝,0
恭贺新禧,0
热烈庆祝,0
庆生会,0
贺岁杯,0
百年诞辰,0
庆寿,0
表示祝贺,0
同喜同乐,0
普天同庆,0
新福,0
贺新年,0
壮行,0
喜逢,0
庆功酒,0
庆功会,0
欢度,0
大喜事,0
关怀,0
爱护,0
关怀备至,0
失学,0
助残,0
互敬互爱,0
帮扶,0
殷切,0
谢谢爱,0
关心体贴,0
欢迎您,0
随时欢迎,0
热烈欢迎,0
欢迎批评,0
欢迎惠顾,0
欢迎辞,0
欢迎光临,0
鼓掌欢迎,0
健壮,0
强健,0
强壮起来,0
强筋,0
身强体壮,0
强筋健骨,0
健骨,0
壮硕,0
壮实,0
体魄,0
壮阳,0
强身健体,0
强筋骨,0
温肾,0
滋阴壮阳,0
强身,0
力强,0
身强力壮,0
强肾,0
强韧,0
强心,0
益气养血,0
抗病,0
好斗,0
遇强,0
膘肥体壮,0
肌体,0
温驯,0
强而有力,0
补益,0
固肾,0
强劲有力,0
补肾健脾,0
增强体质,0
壮阳药,0
愈强,0
补养,0
心地善良,0
仁慈,0
良善,0
正直,0
纯良,0
忠厚,0
面善,0
心善,0
纯真无邪,0
善念,0
人性美,0
淑德,0
向善,0
善谈,0
和善,0
温良,0
聪慧,0
善解人意,0
真善美,0
善心,0
贤淑,0
仁爱,0
良母,0
秉性,0
孝顺,0
无私,0
慈爱,0
上进心,0
率直,0
俭朴,0
心慈,0
温顺,0
严肃认真,0
认认真真,0
用心,0
真诚地,0
真心诚意,0
细心地,0
仔细,0
赞同,0
完全同意,0
表示同意,0
赞成,0
认同,0
同感,0
同意书,0
征得,0
原则同意,0
大力支持,0
全力支持,0
鼎力支持,0
互相支持,0
支持人,0
支持金,0
比较支持,0
多谢,0
相互支持,0
鼓励奖,0
奖励制度,0
物质奖励,0
奖金,0
抽奖券,0
奖给,0
以资鼓励,0
奖券,0
重奖,0
占优势,0
资源优势,0
价格优势,0
优劣势,0
品牌优势,0
后发优势,0
发挥优势,0
区位,0
占优,0
优势互补,0
主场优势,0
绝对优势,0
最优化,0
差异性,0
差异化,0
优缺点,0
占有率,0
竞争性,0
区隔,0
市场占有率,0
竞争力,0
独特性,0
优越性,0
优先发展,0
规模化,0
立足点,0
便捷性,0
合算,0
便宜,0
实惠,0
超值,0
超值价,0
划得来,0
较贵,0
经济发展,0
长足发展,0
社会发展,0
蓬勃发展,0
持续发展,0
发展缓慢,0
促发展,0
飞速发展,0
谋发展,0
迅猛发展,0
发展前途,0
发展期,0
协调发展,0
可持续发展,0
发展壮大,0
发展趋势,0
大力发展,0
发展前景,0
发展势头,0
有所发展,0
发展观,0
会展业,0
发展潜力,0
发展商,0
跨越式,0
发展中心,0
横向发展,0
新兴产业,0
发展史,0
发展研究中心,0
经济社会,0
开展业务,0
产业,0
旅游业,0
国民经济,0
谋求,0
综合开发,0
必然趋势,0
共谋,0
保持高速,0
发展部,0
持续增长,0
房地产业,0
科学发展观,0
发展中国家,0
产业布局,0
产学研,0
职业教育,0
兴旺发达,0
民主化,0
民营经济,0
建设,0
产业化,0
高度发达,0
企业化,0
导向型,0
可持续性,0
温暖如春,0
暖暖的,0
温暖人间,0
暖融融,0
暖洋洋,0
温馨,0
暖意,0
暖暖地,0
温情,0
温润,0
衣暖,0
暖热,0
暖,0
色彩鲜艳,0
鲜亮,0
鲜红色,0
鲜绿色,0
鲜艳夺目,0
艳色,0
色彩鲜明,0
艳丽,0
鲜绿,0
嫩绿色,0
色彩艳丽,0
鲜丽,0
火红色,0
明黄,0
橙红色,0
嫩黄色,0
鲜红,0
红艳艳,0
翠绿色,0
橙红,0
明艳,0
鲜黄,0
嫩黄,0
紫红,0
红艳,0
黄艳,0
浓艳,0
青绿色,0
紫红色,0
棕红,0
娇艳,0
栗色,0
橙黄,0
果色,0
橙黄色,0
粉白,0
橘黄色,0
浅绿色,0
红黄色,0
油亮,0
淡红色,0
娇艳欲滴,0
娇嫩,0
淡黄,0
深黄,0
艳艳的,0
色彩缤纷,0
缤纷色彩,0
油绿,0
棕黄,0
色泽鲜明,0
素色,0
淡绿色,0
乳白,0
鹅黄,0
乳黄,0
惹眼,0
深绿,0
暗红色,0
浅黄,0
粉白色,0
鲜润,0
深红色,0
明丽,0
斑澜,0
嫩绿,0
花俏,0
血红色,0
柠檬黄,0
大红大绿,0
灰绿色,0
洋红,0
海蓝色,0
淡黄色,0
橘红色,0
素净,0
叶质,0
酱色,0
红褐色,0
黄绿色,0
主色,0
同色系,0
相衬,0
花序,0
淡绿,0
玫瑰色,0
夺目,0
纱裙,0
湖蓝色,0
绚丽夺目,0
黄红,0
釉色,0
桔红色,0
脘,0
患感冒,0
肝炎,0
导致系统,0
礼崩乐坏,0
下压力,0
大气压力,0
粮食局,0
种族灭绝,0
过午不食,0
不揍,0
灭国,0
酒戒,0
吃鱼翅,0
国府,0
战败国,0
节食,0
亡国奴,0
连试,0
步则,0
吃粮,0
异物感,0
顿消,0
匆促,0
性猝死,0
794,0
黑死病,0
质数,0
咽炎,0
笑醒,0
直哭,0
不补,0
挺尸,0
鄙陋,0
狡黠,0
郑微,0
桀骜,0
会心微笑,0
于最,0
难愈,0
林微,0
已极,0
开原,0
恐是,0
实相,0
热望,0
封闭系统,0
窝沟,0
灵敏,0
敏锐度,0
不期然,0
情路,0
嫣然一笑,0
控制者,0
滑坡,0
洪涝,0
山洪,0
泥石流,0
余震不断,0
阶级矛盾,0
沙化,0
深沟,0
落石,0
塌方,0
引桥,0
无奈何,0
谢恩,0
表面现象,0
扭转局面,0
平面化,0
多面性,0
败兴,0
堆肥,0
内毒素,0
生物素,0
不可偏废,0
植酸,0
茶碱,0
茶垢,0
生物活性物质,0
跳楼价,0
刑讯,0
上楼去,0
招妓,0
停跳,0
售楼,0
下楼梯,0
再相逢,0
轧死,0
割地,0
打手枪,0
赃,0
螫,0
边境地区,0
晴朗,0
艳阳天,0
十面,0
大晴天,0
拨云见日,0
清朗,0
阳光明媚,0
抗炎药,0
巯,0
性药物,0
消炎药,0
两剂,0
帕金森病,0
尿毒,0
